"","Team","Offensive XG","Defensive XG","Net XG","GP","Wins","Losses","Draws","Goals For","Goals Against","Goal Diff","Points","Offensive Rating","Defensive Rating","Net Rating"
"1","Lama Dog",2.869162323,1.0033378794,1.8658244436,7,7,0,0,27,5,22,21,0.31179200713164,0.7880109139984,1.09980292113004
"2","Ace Rivington",3.05456531,1.6319030653,1.4226622447,7,4,2,1,28,11,17,13,0.37407571814336,0.2776420300971,0.65171774824046
"3","Bowlero",3.520649922,1.9027478431,1.6179020789,7,4,3,0,32,13,19,12,0.5179681082764,0.11914290525732,0.63711101353372
"4","Topa Topa",2.538020237,1.4785997224,1.0594205146,7,5,2,0,23,10,13,15,0.18608788981735,0.37733454436645,0.5634224341838
"5","Intake Breathing",1.9527457006,1.4347716808,0.5179740198,7,3,3,1,17,10,7,10,-0.083334524023216,0.4086796634563,0.325345139433084
"6","Valentino’s",1.6769709562,2.782338946,-1.1053679898,7,3,4,0,13,23,-10,9,-0.23883802157347,-0.272024564865771,-0.510862586439241
"7","Aqua-Flo",1.3082244914,4.725695216,-3.4174707246,7,0,7,0,8,41,-33,0,-0.502190733535491,-0.809771618389,-1.31196235192449
"8","SBSC",1.2203427509,4.820035872,-3.5996931211,7,1,6,0,7,42,-35,3,-0.5762913520687,-0.830171313611,-1.4064626656797
