"","Team","Offensive XG","Defensive XG","Net XG","GP","Wins","Losses","Draws","Goals For","Goals Against","Goal Diff","Points","Offensive Rating","Defensive Rating","Net Rating"
"1","Lama Dog",2.745906429,1.0211656459,1.7247407831,8,7,1,0,28,7,21,21,0.263989698989107,0.75378476367,1.01777446265911
"2","Bowlero",3.530519611,1.755371074,1.775148537,8,5,3,0,34,14,20,15,0.5177653588752,0.19445631336819,0.71222167224339
"3","Ace Rivington",3.075624658,1.631448958,1.4441757,7,4,2,1,28,11,17,13,0.37755066189139,0.27173767238179,0.64928833427318
"4","Topa Topa",2.64963361,1.4526004532,1.1970331568,8,6,2,0,26,11,15,18,0.22711837812814,0.38880170108433,0.61592007921247
"5","Intake Breathing",1.9295939488,1.5446760406,0.3849179082,8,3,4,1,18,13,5,10,-0.09461670260736,0.32342782441965,0.22881112181229
"6","Valentino’s",1.6858497527,2.792153154,-1.1063034013,7,3,4,0,13,23,-10,9,-0.2382490235888,-0.2800152781135,-0.5182643017023
"7","Aqua-Flo",1.3209453309,4.743112612,-3.4221672811,7,0,7,0,8,41,-33,0,-0.49402751172713,-0.8177574042295,-1.31178491595663
"8","SBSC",1.2224305989,4.836433362,-3.6140027631,7,1,6,0,7,42,-35,3,-0.5768543956903,-0.837209641624,-1.4140640373143
